Time,Operant,Reinforcers,Event,x,y
0:00:04.778378,??,0,click,0.2503128911138924,0.7846441947565543
