Time,Operant,Reinforcers,Event,x,y
0:00:14.989751,??,0,click,0.28660826032540676,0.6198501872659177
0:00:29.982528,01,0,click,0.4117647058823529,0.8089887640449438
