Time,Operant,Reinforcers,Event,x,y
0:00:02.630350,??,0,click,0.3316645807259074,0.8707865168539326
0:00:02.892806,01,0,click,0.3316645807259074,0.8707865168539326
0:00:03.080267,02,0,click,0.3316645807259074,0.8707865168539326
0:00:03.175940,03,0,click,0.3316645807259074,0.8707865168539326
0:00:03.787947,04,0,click,0.3166458072590738,0.7078651685393258
0:00:04.039300,05,0,click,0.31789737171464333,0.7097378277153559
0:00:04.380140,06,1,click,0.31789737171464333,0.7097378277153559
0:00:04.459955,06,1,click,0.31789737171464333,0.7097378277153559
0:00:04.551681,06,1,click,0.31789737171464333,0.7097378277153559
