Time,Operant,Reinforcers,Event,x,y
0:00:20.867863,??,0,click,0.3341677096370463,0.8520599250936329
0:00:22.966665,01,0,click,0.3354192740926158,0.7172284644194756
