Time,Operant,Reinforcers,Event,x,y
0:00:16.327441,??,0,click,0.5356695869837297,0.6816479400749064
